{"cameraMode":{"drawMode":0,"name":"Shaded","section":"Shading Mode"},"sceneLighting":false,"audioPlay":false,"sceneViewState":{"showFog":true,"showMaterialUpdate":false,"showSkybox":false,"showFlares":true,"showImageEffects":true,"showParticleSystems":true},"in2DMode":false,"pivot":{"x":0.0,"y":0.7001494765281677,"z":0.023962050676345826},"rotation":{"x":-0.0559607669711113,"y":0.8260142207145691,"z":-0.08293113112449646,"w":-0.5549681782722473},"size":1.5200790166854859,"orthographic":false}