{"cameraMode":{"drawMode":0,"name":"Shaded","section":"Shading Mode"},"sceneLighting":false,"audioPlay":false,"sceneViewState":{"showFog":true,"showMaterialUpdate":false,"showSkybox":false,"showFlares":true,"showImageEffects":true,"showParticleSystems":true},"in2DMode":false,"pivot":{"x":0.0,"y":0.7015081644058228,"z":0.013162791728973389},"rotation":{"x":-0.07291252911090851,"y":0.7115136981010437,"z":-0.07446730136871338,"w":-0.6950472593307495},"size":1.5147515535354615,"orthographic":false}